FilePath, entropy, 
problem1, 0.684324875863431
problem3, 0.714652124940793
problem4, 0.817513537227307
problem5, 0.737123223011777
problem6, 0.75895373585333
problem7, 0.77346416464653
problem8, 0.747192521334255
problem9, 0.737276587456204
problem101, 0.7851270067008
